{"cameraMode":{"drawMode":0,"name":"Shaded","section":"Shading Mode"},"sceneLighting":false,"audioPlay":false,"sceneViewState":{"showFog":true,"showMaterialUpdate":false,"showSkybox":false,"showFlares":true,"showImageEffects":true,"showParticleSystems":true},"in2DMode":false,"pivot":{"x":-22.330076217651368,"y":-9.939740180969239,"z":29.350080490112306},"rotation":{"x":-0.06150849163532257,"y":-0.09210009127855301,"z":0.005706599913537502,"w":-0.9938839673995972},"size":0.8673372268676758,"orthographic":false}