{"cameraMode":{"drawMode":0,"name":"Shaded","section":"Shading Mode"},"sceneLighting":false,"audioPlay":false,"sceneViewState":{"showFog":true,"showMaterialUpdate":false,"showSkybox":false,"showFlares":true,"showImageEffects":true,"showParticleSystems":true},"in2DMode":false,"pivot":{"x":0.6140651702880859,"y":-5.7825164794921879,"z":13.009621620178223},"rotation":{"x":-0.29005497694015505,"y":0.017808662727475168,"z":-0.005358276888728142,"w":-0.9569214582443237},"size":62.270240783691409,"orthographic":false}