{"cameraMode":{"drawMode":0,"name":"Shaded","section":"Shading Mode"},"sceneLighting":true,"audioPlay":false,"sceneViewState":{"showFog":true,"showMaterialUpdate":false,"showSkybox":true,"showFlares":true,"showImageEffects":true,"showParticleSystems":true},"in2DMode":false,"pivot":{"x":-51.920040130615237,"y":-87.26342010498047,"z":335.0121154785156},"rotation":{"x":-0.12708580493927003,"y":0.07639620453119278,"z":-0.00981384702026844,"w":-0.9889211058616638},"size":347.1927490234375,"orthographic":false}