{"cameraMode":{"drawMode":0,"name":"Shaded","section":"Shading Mode"},"sceneLighting":false,"audioPlay":false,"sceneViewState":{"showFog":true,"showMaterialUpdate":false,"showSkybox":false,"showFlares":true,"showImageEffects":true,"showParticleSystems":true},"in2DMode":false,"pivot":{"x":-3.1944305896759035,"y":40.58555603027344,"z":-3.7394909858703615},"rotation":{"x":0.6124725341796875,"y":-0.0003704007249325514,"z":0.0004696568939834833,"w":0.790614902973175},"size":0.00005715767838410102,"orthographic":false}