{"cameraMode":{"drawMode":0,"name":"Shaded","section":"Shading Mode"},"sceneLighting":true,"audioPlay":false,"sceneViewState":{"showFog":true,"showMaterialUpdate":false,"showSkybox":true,"showFlares":true,"showImageEffects":true,"showParticleSystems":true},"in2DMode":false,"pivot":{"x":-27.352724075317384,"y":-8.160866737365723,"z":16.454484939575197},"rotation":{"x":0.05524390563368797,"y":0.09274295717477799,"z":-0.005171544849872589,"w":0.9942333698272705},"size":0.00011086639278801158,"orthographic":false}