{"cameraMode":{"drawMode":0,"name":"Shaded","section":"Shading Mode"},"sceneLighting":false,"audioPlay":false,"sceneViewState":{"showFog":true,"showMaterialUpdate":false,"showSkybox":false,"showFlares":true,"showImageEffects":true,"showParticleSystems":true},"in2DMode":false,"pivot":{"x":-4.000696182250977,"y":-0.14824740588665009,"z":-2.909147024154663},"rotation":{"x":-0.16958118975162507,"y":0.05792202800512314,"z":0.010087072849273682,"w":0.9838616847991943},"size":0.00005715767838410102,"orthographic":false}