{"cameraMode":{"drawMode":0,"name":"Shaded","section":"Shading Mode"},"sceneLighting":false,"audioPlay":false,"sceneViewState":{"showFog":true,"showMaterialUpdate":false,"showSkybox":false,"showFlares":true,"showImageEffects":true,"showParticleSystems":true},"in2DMode":false,"pivot":{"x":2.3987302780151369,"y":3.4258873462677,"z":-9.79447078704834},"rotation":{"x":0.193876713514328,"y":-0.0452699176967144,"z":0.009053661487996579,"w":0.980038583278656},"size":16.452476501464845,"orthographic":false}