{"cameraMode":{"drawMode":0,"name":"Shaded","section":"Shading Mode"},"sceneLighting":false,"audioPlay":false,"sceneViewState":{"showFog":true,"showMaterialUpdate":false,"showSkybox":false,"showFlares":true,"showImageEffects":true,"showParticleSystems":true},"in2DMode":false,"pivot":{"x":-24.291627883911134,"y":-8.292604446411133,"z":24.96302604675293},"rotation":{"x":-0.04679295793175697,"y":0.00209658476524055,"z":-0.000057588044001022354,"w":-0.9989256858825684},"size":0.8573629856109619,"orthographic":false}