{"cameraMode":{"drawMode":0,"name":"Shaded","section":"Shading Mode"},"sceneLighting":false,"audioPlay":false,"sceneViewState":{"showFog":true,"showMaterialUpdate":false,"showSkybox":false,"showFlares":true,"showImageEffects":true,"showParticleSystems":true},"in2DMode":false,"pivot":{"x":-1.0324865579605103,"y":-0.033202867954969409,"z":0.872747004032135},"rotation":{"x":-0.12690424919128419,"y":0.1874953955411911,"z":0.024456756189465524,"w":0.9738153219223023},"size":0.5999428033828735,"orthographic":false}