{"cameraMode":{"drawMode":0,"name":"Shaded","section":"Shading Mode"},"sceneLighting":false,"audioPlay":false,"sceneViewState":{"showFog":true,"showMaterialUpdate":false,"showSkybox":false,"showFlares":true,"showImageEffects":true,"showParticleSystems":true},"in2DMode":false,"pivot":{"x":-20.034236907958986,"y":3.6613266468048097,"z":13.142839431762696},"rotation":{"x":-0.12690424919128419,"y":0.1874953955411911,"z":0.024456756189465524,"w":0.9738153219223023},"size":85.08194732666016,"orthographic":false}