{"cameraMode":{"drawMode":0,"name":"Shaded","section":"Shading Mode"},"sceneLighting":false,"audioPlay":false,"sceneViewState":{"showFog":true,"showMaterialUpdate":false,"showSkybox":false,"showFlares":true,"showImageEffects":true,"showParticleSystems":true},"in2DMode":false,"pivot":{"x":-21.97251319885254,"y":-10.002321243286133,"z":29.69654655456543},"rotation":{"x":-0.297113299369812,"y":-0.16310574114322663,"z":0.05158183351159096,"w":-0.9394506812095642},"size":1.4673371315002442,"orthographic":false}