{"cameraMode":{"drawMode":0,"name":"Shaded","section":"Shading Mode"},"sceneLighting":false,"audioPlay":false,"sceneViewState":{"showFog":true,"showMaterialUpdate":false,"showSkybox":false,"showFlares":true,"showImageEffects":true,"showParticleSystems":true},"in2DMode":false,"pivot":{"x":-22.607040405273439,"y":-21.66693115234375,"z":17.064868927001954},"rotation":{"x":0.6132007837295532,"y":-0.1829879879951477,"z":0.14896245300769807,"w":0.753990888595581},"size":46.66904830932617,"orthographic":false}